1677740792741.jpg,down,1391.4988,1158.0442,-821.3551,1429.7566,1067.1097,-687.903,1460.5583,1068.7311,-688.0125,1488.4559,1069.8757,-688.3436,1324.8264,1065.2976,-735.089,1272.0844,1069.3663,-735.23804,1229.8157,1075.4457,-735.6002,1504.4977,1121.0905,-101.88411,1139.8397,1140.548,-313.0758,1424.4889,1263.9962,-612.9331,1304.2938,1270.3566,-673.74164,1657.9664,1579.3489,183.08427,862.55646,1624.0886,-286.96628,1996.6439,2145.1438,-284.99155,760.6643,2202.537,-706.3129,1677.2035,1716.5463,-886.0204,1297.1938,1807.6434,-877.43506,1577.266,1574.1626,-923.84344,1454.411,1640.9067,-899.11975,1541.1503,1520.9518,-698.7514,1440.0966,1575.9199,-717.279,1539.3235,1559.513,-794.5043,1399.4034,1667.0203,-787.13385,1515.6882,2543.2798,85.88527,1039.4391,2567.1746,-85.00084,1894.0591,2628.037,-1263.1982,706.62366,2763.703,-1488.897,1660.6595,3221.2266,-266.43695,947.85236,3278.9055,-207.00641,1543.1487,3318.2988,-183.0186,1021.66425,3338.0981,-94.85991,1932.971,3453.3892,-581.9023,793.4114,3648.5315,-528.7322
down
1677740792750.jpg,down,1527.1218,957.15045,-941.77527,1557.2108,862.60223,-796.40454,1587.8517,866.55927,-796.8487,1617.0363,870.56805,-797.3073,1458.6013,856.4646,-858.77985,1410.7316,856.41455,-859.0482,1364.7612,856.7828,-859.80225,1626.5812,935.77264,-198.81604,1241.0035,949.83325,-457.05508,1560.2805,1102.7953,-732.7212,1465.1914,1106.8588,-807.15,1789.2634,1449.3945,65.153595,950.55914,1490.5645,-525.5189,2203.8206,1992.3728,-637.9996,833.2512,2064.0059,-1082.6196,1902.8351,1584.6444,-1435.1776,1486.7056,1662.9946,-1208.3866,1799.0024,1429.9758,-1522.4136,1647.4977,1534.8682,-1248.5336,1753.9089,1369.1777,-1273.0624,1627.6781,1447.7264,-1047.3053,1759.0306,1408.1263,-1344.8394,1593.5186,1510.7178,-1104.3497,1587.5422,2451.5127,149.66014,1112.4564,2461.4763,-147.46689,2020.0499,2533.0806,-1107.1254,940.8038,2507.0637,-1629.7361,1762.9822,3147.2927,-34.727028,1038.4868,3243.7656,-542.9769,1640.1621,3233.2227,48.98363,1117.5449,3327.012,-460.49506,2049.0886,3360.8464,-362.90723,932.31165,3655.3853,-1046.6019
down
1677740792759.jpg,down,1388.2006,1040.9495,-548.70325,1465.5358,964.1782,-464.22812,1503.832,969.98535,-464.04962,1543.0944,978.2177,-464.12766,1336.942,959.00073,-441.16852,1297.957,960.8258,-441.4522,1267.9647,963.3329,-442.12024,1642.0632,1041.3389,-96.20564,1244.2686,1025.4055,-1.5980346,1467.8247,1164.2163,-435.43497,1322.4388,1168.2866,-410.21866,1872.6044,1523.7491,-126.73327,1086.8334,1551.6765,97.40764,1989.1982,2156.3796,-524.8063,684.77747,2059.3906,-355.4236,1487.8652,1697.843,-761.54694,1078.6917,1684.4344,-662.6956,1336.4706,1567.5599,-742.5124,1172.8252,1544.5646,-672.1555,1343.6572,1504.5336,-565.65247,1209.8975,1490.2324,-450.37463,1382.2601,1562.1986,-673.02563,1201.0515,1541.9991,-564.60925,1737.9795,2421.2148,-67.793396,1303.1882,2401.0715,67.05447,1926.3468,2578.2644,-1190.9602,837.6852,2510.9216,-618.31683,1826.6128,3126.7961,-529.02167,1145.0863,3041.1423,-104.57582,1753.7472,3194.898,-480.79724,1261.1274,3128.8623,-76.544235,1954.967,3479.854,-825.3514,928.3694,3316.3752,-340.6349
down
1677740792770.jpg,down,1304.2178,1122.2938,-659.08624,1327.7534,1045.9927,-537.604,1355.0034,1049.1198,-537.95544,1380.6979,1052.3789,-538.33887,1236.0729,1044.5754,-601.01294,1190.1106,1047.9453,-601.20953,1148.299,1053.3569,-601.8828,1392.6826,1111.3617,-51.22425,1051.4542,1118.6522,-319.4237,1340.5005,1221.3743,-491.98892,1233.1035,1235.675,-570.14825,1526.5708,1550.8501,132.87216,791.4253,1596.6067,-364.73938,1889.4299,2040.5819,-348.11984,671.7618,2152.4805,-720.8689,1577.6417,1700.3582,-937.65137,1225.1162,1776.2576,-756.68646,1470.8794,1543.9036,-957.1898,1352.7491,1686.0656,-755.7976,1431.1115,1505.593,-754.2329,1317.9794,1581.1415,-583.6623,1434.8542,1554.6145,-855.33136,1298.1797,1631.3254,-664.62427,1385.1282,2425.2847,85.70954,966.6822,2471.688,-85.30302,1764.0459,2543.4036,-903.0311,799.565,2799.9954,-1158.4122,1611.2036,3153.2913,-315.59836,965.7581,3238.8447,-63.69998,1486.5026,3258.3293,-283.7079,1059.9406,3290.4229,21.753658,1873.7565,3379.8867,-665.6683,876.2187,3573.9412,-322.4316
down
1677740792782.jpg,down,1638.8451,1145.9678,-868.57135,1674.7673,1074.1958,-735.19214,1702.4062,1078.9818,-735.552,1727.5656,1082.9431,-735.8536,1577.8767,1061.2345,-800.82886,1526.4019,1058.8584,-800.8743,1479.119,1059.0669,-801.43396,1720.5198,1128.6678,-195.0781,1380.6328,1109.7697,-473.86215,1657.3523,1254.3617,-682.44836,1545.7996,1257.9735,-762.6437,1817.0249,1591.4354,18.558744,1059.8097,1579.2642,-527.2211,2153.532,2126.716,-573.4632,976.9152,2161.5234,-1029.4702,1920.192,1750.9749,-1431.524,1550.0762,1799.1213,-1284.031,1845.3401,1588.4071,-1512.9863,1700.7936,1664.6616,-1351.0327,1792.6764,1537.147,-1302.1658,1671.2206,1616.0424,-1163.3071,1775.2032,1593.0469,-1359.786,1630.0706,1672.5286,-1196.6869,1571.9082,2497.311,102.250336,1140.0522,2509.743,-100.98612,1958.8766,2668.541,-875.6203,971.8909,2921.6672,-999.7872,1738.074,3257.182,-58.296143,1084.8179,3313.9065,350.5263,1611.4159,3356.0586,-6.712347,1164.3081,3360.3596,459.45914,1981.8596,3524.4883,-383.116,1003.89856,3669.8757,122.30024
down
1677740792796.jpg,down,1456.4124,1061.6024,-1701.431,1469.3674,985.66327,-1524.5345,1487.095,989.69446,-1525.509,1503.4218,993.9969,-1526.3372,1397.8367,973.2212,-1668.2644,1364.9202,969.03107,-1668.5527,1326.3602,964.4065,-1668.7559,1460.2917,1038.4856,-733.1224,1174.9872,1029.3895,-1345.7584,1470.6659,1172.0714,-1407.734,1387.597,1164.631,-1585.1255,1503.117,1551.0094,-190.23373,786.15546,1548.7423,-1415.0027,1913.0974,2049.0012,-1109.5125,955.8773,2175.4504,-1904.3364,1842.2452,1713.6292,-2562.1619,1530.0933,1751.6255,-1884.6279,1814.3762,1600.5457,-2773.8442,1684.8578,1652.4191,-1996.4219,1747.5944,1512.9575,-2561.0337,1625.0184,1566.6597,-1861.3009,1725.1096,1549.3478,-2515.207,1589.0865,1612.5398,-1804.4429,1194.6458,2409.5964,354.66956,756.7149,2425.3977,-352.33478,1637.7753,2549.95,-885.3199,838.10626,2519.9246,-2742.7,1351.934,3089.5679,1043.7401,836.9849,3307.5405,-1414.468,1234.6226,3187.907,1214.5093,830.9372,3425.6335,-1315.0094,1660.0153,3234.5713,771.6391,879.4488,3638.3518,-2147.4714
down
1677740792809.jpg,down,1577.3264,1194.135,-1466.4003,1586.7285,1121.0966,-1289.762,1600.354,1124.4974,-1290.9729,1612.7338,1127.2861,-1292.0032,1525.6222,1111.5869,-1457.0392,1492.1843,1107.5938,-1457.081,1453.3992,1102.1353,-1457.1217,1560.7915,1161.9249,-510.47958,1313.406,1139.8253,-1226.5773,1581.785,1290.627,-1177.0995,1511.3763,1281.9291,-1384.3662,1554.5082,1667.2896,4.0930085,910.818,1635.3997,-1405.3552,1911.2452,2134.0874,-879.54285,1225.1259,2199.8418,-2008.5166,1966.1252,1822.4257,-2182.0796,1699.3021,1820.3997,-1982.6199,1951.9912,1710.3467,-2391.7483,1815.5358,1717.2156,-2127.97,1911.5104,1637.7186,-2207.6536,1775.8042,1644.9454,-2006.3375,1892.6815,1664.0017,-2146.536,1729.3905,1683.4908,-1920.2677,1203.0338,2492.244,429.71063,789.1017,2483.1067,-427.35202,1704.5133,2612.9275,-985.34686,1007.709,2625.919,-2549.6262,1353.7456,3191.3198,594.5518,898.14594,3429.2288,-1374.3043,1233.4604,3274.203,737.60474,843.20166,3535.9026,-1284.1892,1634.1995,3346.649,321.56046,937.5896,3775.097,-2024.8815
down
1677740792823.jpg,down,1805.5641,1250.0135,-1236.3435,1798.1322,1173.53,-1066.638,1805.9642,1175.2644,-1067.8896,1812.5234,1176.8706,-1069.0024,1746.0919,1166.4631,-1224.1494,1715.1678,1162.5228,-1224.2207,1678.4055,1156.258,-1224.4058,1738.2417,1210.3967,-348.54547,1534.859,1188.404,-1009.92303,1799.5991,1345.4772,-970.52704,1737.4408,1336.1278,-1161.6632,1761.7416,1724.8766,109.36496,1154.4056,1679.0532,-1227.9152,2158.3848,2154.6248,-692.9299,1459.0905,2255.9297,-1823.2661,2209.9336,1872.9121,-1866.473,1939.4677,1894.9807,-1802.0026,2205.3516,1751.0643,-2048.1345,2073.388,1812.7775,-1941.924,2158.084,1696.6656,-1870.5013,2028.524,1734.8608,-1810.1248,2137.909,1724.3922,-1829.9137,1978.3145,1765.4784,-1738.7037,1384.2955,2613.2454,390.46176,981.2419,2584.2776,-387.65265,1900.655,2696.5425,-800.6005,1298.2446,2783.7014,-2311.1448,1529.9489,3224.9517,751.9368,1102.7788,3545.5493,-1120.0593,1419.8278,3292.7227,897.2124,1028.806,3663.687,-1023.438,1842.5868,3397.8552,584.4515,1197.1299,3876.164,-1706.0887
down
1677740792839.jpg,down,1631.6813,1056.3335,-419.83777,1626.2711,978.9909,-362.20398,1623.5048,976.58777,-363.0659,1619.7789,973.4073,-363.84106,1610.7742,975.7235,-592.92065,1597.1271,971.2641,-593.28754,1582.319,966.4513,-593.2218,1498.9296,968.87006,72.93452,1468.1982,967.7259,-945.0492,1596.5408,1125.931,-228.42897,1577.6144,1113.8666,-523.11053,1315.9149,1403.2961,764.0867,1197.8151,1377.3191,-1329.0762,1682.9927,1728.4448,801.4669,1652.778,1839.7808,-1075.0812,1866.4062,1389.263,179.31525,1863.9143,1442.6128,53.584423,1944.78,1282.4865,88.22637,1945.1091,1315.0254,36.519104,1880.6927,1254.9143,173.28502,1868.5483,1287.6829,-13.106232,1829.4257,1283.777,181.59766,1819.1614,1315.0175,68.35762,845.6507,2214.324,683.54034,686.05164,2324.011,-681.876,1545.3329,2318.9775,1116.716,1301.3307,2519.16,-1313.1414,1186.3617,2831.8396,1805.6272,1004.6811,3282.299,-1110.2009,1074.9691,2934.4495,1880.8098,877.8827,3394.26,-1072.335,1399.626,3021.7053,1907.9413,1307.6888,3499.917,-1207.1305
down
1677740792849.jpg,down,1701.0555,1266.0226,-353.5309,1675.1111,1183.7449,-305.09985,1666.3766,1179.7036,-305.93704,1655.9128,1174.8116,-306.70294,1663.1813,1177.0374,-529.3866,1648.7146,1169.0834,-529.7078,1633.3434,1160.785,-529.7827,1534.1785,1164.8168,65.38695,1529.23,1159.0343,-921.91547,1643.4077,1328.6741,-186.39325,1625.0942,1317.4052,-473.2034,1242.5255,1562.4279,746.74774,1208.938,1628.4429,-1335.0996,1698.7249,1940.7539,1032.0037,1761.4076,2050.0088,-1217.5884,1904.7615,1634.4196,719.22504,1924.0011,1660.6426,-232.15582,1979.3505,1527.2504,696.9872,2018.9097,1555.0792,-304.60382,1930.4337,1512.2245,729.7222,1947.38,1526.6232,-282.9488,1890.1097,1549.5215,711.58405,1902.4293,1570.9213,-204.0373,810.74133,2393.8066,676.16315,680.1726,2524.4172,-674.43097,1516.3534,2529.6804,938.50494,1467.6443,2790.5825,-588.8735,1175.0098,3146.2356,1456.1384,1090.7029,3429.9353,228.36517,993.1319,3158.6218,1514.2195,943.8945,3532.5227,340.73965,1368.2277,3378.3625,1570.3021,1368.2397,3664.955,461.99115
down
1677740792863.jpg,down,2072.603,1114.6881,-1502.9993,2043.1902,1002.91833,-1469.1118,2043.497,1000.41724,-1470.4565,2042.794,996.08374,-1471.7015,2008.1403,998.8849,-1651.6406,1984.0927,994.9248,-1651.8333,1957.861,996.2052,-1651.9998,1906.1161,1056.4523,-1125.1747,1783.5481,1041.7607,-1922.604,2026.4763,1213.5774,-1336.6229,1981.0474,1223.495,-1567.9164,1655.7567,1360.3453,-600.4376,1471.3389,1683.2968,-1937.5105,1751.0388,1947.3544,-154.19023,1850.7428,2404.9055,-1793.1594,1997.8811,1947.3655,-538.5938,2301.972,1918.6708,-1508.067,2033.5116,1880.3043,-653.119,2473.9219,1788.4607,-1787.9104,2083.2798,1865.3743,-781.60516,2394.1423,1705.5435,-1718.2206,2057.9167,1903.1763,-606.2658,2326.3027,1739.9047,-1497.024,1117.5914,2259.6123,447.86124,1024.6581,2407.4011,-445.28384,1334.686,2722.2913,1521.578,1206.7109,2871.8442,553.435,1144.0388,3155.8335,2925.9502,1080.7168,3330.916,2055.417,1053.11,3198.0542,3084.1045,979.18054,3370.5034,2218.1558,1336.4299,3383.9739,3017.0317,1269.8052,3597.1462,2093.0708
down
1677740792874.jpg,down,1911.5383,1108.3403,-862.07367,1906.5703,994.95197,-871.4792,1903.1793,988.924,-872.60724,1897.2037,982.3954,-873.4458,1888.6455,1004.4218,-1026.6515,1872.859,1003.95575,-1027.1099,1852.635,1002.36914,-1026.9257,1759.0103,1016.8327,-660.3852,1690.5365,1036.8984,-1349.1246,1836.5704,1187.0166,-742.0082,1814.0967,1198.6385,-939.41766,1388.3033,1378.8768,-9.010257,1403.124,1626.9329,-1600.3794,1768.8638,1722.3561,429.64844,2077.3809,2093.9812,-1307.7426,2109.405,1503.9756,106.299126,2227.3694,1620.6726,-485.2471,2209.3289,1406.8776,4.069489,2360.1584,1474.3333,-659.3235,2186.5322,1377.2191,-71.98451,2261.4888,1422.9353,-675.9561,2136.9707,1420.0289,53.8347,2200.4268,1478.679,-492.20425,1069.1156,2275.6956,574.31024,1004.3123,2551.5925,-571.50397,1662.105,2193.5583,1591.9236,1808.4973,2733.0112,-387.99252,1479.9736,2717.738,2700.1643,1394.2959,3277.4204,860.09485,1354.6683,2798.6675,2824.2634,1272.2544,3369.5193,1016.37994,1706.8611,2899.696,3052.4688,1713.5135,3451.2915,1248.1226
down
1677740792904.jpg,down,1870.9155,1293.1165,-149.06061,1838.9053,1127.0471,-199.80785,1808.8113,1154.5198,-200.89958,1801.3494,1144.7292,-201.82507,1852.3639,1155.4033,-326.90057,1847.6533,1158.7906,-326.9996,1841.826,1162.243,-327.12723,1658.6586,1110.3862,-209.00493,1727.1793,1171.0183,-766.82684,1756.0471,1333.1981,-107.79538,1789.9768,1368.6553,-268.56906,1283.29,1473.492,300.01328,1514.4161,1748.8448,-1087.5366,1789.68,1819.8159,806.84766,2099.7852,2125.525,-766.516,1980.9534,1552.0684,793.3875,2075.8044,1644.3511,155.30501,2046.5117,1454.3196,756.7683,2134.566,1514.8656,54.60166,2009.7384,1431.2803,760.1197,2057.4111,1466.3771,34.66236,1968.3684,1469.86,794.9478,1994.0586,1511.7063,153.20949,838.52686,2526.465,556.59393,916.7777,2750.6704,-555.9659,1465.6422,2549.9824,1476.981,1743.3711,2950.5576,-46.276485,1179.4983,3221.392,2501.0625,1257.6804,3433.0562,1300.7211,1049.9814,3271.4624,2620.2537,1115.0386,3536.282,1488.031,1403.4026,3470.7612,2917.4443,1570.1083,3586.032,1981.5221
down
1677740792939.jpg,down,1556.9219,670.40204,262.88303,1510.6763,581.32935,43.601063,1475.0153,584.2435,42.98127,1442.059,586.9112,42.39347,1608.0819,576.00775,51.634705,1638.4055,575.66595,51.753593,1668.3389,574.40326,50.92993,1406.5115,650.20264,-638.58014,1731.9485,635.41437,-605.9716,1505.022,777.15454,69.362206,1605.6714,764.91095,81.434395,1086.5734,1237.181,-785.3688,1998.6896,1270.0314,-716.6375,1159.0276,1887.0142,-409.69327,2082.7073,1946.8545,-64.093735,1226.1569,2123.9724,394.63922,1768.9435,2065.9387,910.0276,1253.0297,2251.9336,469.1947,1731.6243,2129.7036,1037.4944,1356.3317,2214.419,498.72168,1650.1858,2079.4846,989.954,1376.0797,2187.5151,425.67435,1638.9447,2055.0576,909.11725,1219.5835,2364.1174,41.272285,1766.6088,2390.5857,-42.491875,1225.3015,2635.0725,1660.9271,1837.8591,2558.9868,1613.6064,1206.9727,3159.9636,2983.0725,1838.7717,3224.0164,2975.3289,1154.7365,3355.2493,3125.7617,1861.5706,3342.9136,3127.5083,1188.2042,3071.8918,3323.612,1925.701,3115.868,3335.723
down
1677740792954.jpg,down,1545.3608,727.3427,132.15364,1509.92,643.24225,-120.82055,1477.4181,655.0278,-121.39638,1447.1082,666.9147,-121.98367,1597.7906,634.24255,-66.393555,1624.4944,636.55975,-66.324326,1650.8362,639.1714,-67.08175,1409.6655,741.6817,-825.7883,1719.2407,717.48016,-589.559,1484.5471,850.81134,-59.621147,1581.6622,836.8727,9.789699,1130.3107,1273.899,-1026.1957,2014.4861,1322.257,-537.16455,971.0929,1638.5623,-442.24176,1975.0664,1913.57,452.9239,1119.2397,1230.027,692.8563,1663.6244,1921.0673,1599.8665,1094.4229,1130.1077,768.7794,1618.6674,1963.4681,1734.8231,1145.757,1118.1421,762.2339,1568.3182,1923.3245,1705.6362,1246.6,1135.5265,724.8911,1561.8651,1906.0752,1613.0415,1257.8901,2377.1118,-69.59013,1835.0306,2467.1729,68.36357,1201.7107,2624.4678,1726.2319,1749.2424,2723.7104,1958.2853,1149.989,3220.1064,2997.9595,1817.6215,3240.8047,3283.7534,1121.6888,3418.0457,3160.262,1785.3845,3376.19,3451.5786,1050.133,3146.1904,3475.1235,1799.1555,3147.3828,3806.2244
down
1677740792970.jpg,down,1614.5106,707.80634,-14.585813,1582.9648,623.5206,-266.2703,1554.2893,633.14197,-266.41974,1527.498,643.4205,-266.76605,1663.0172,606.382,-192.74303,1690.4586,606.34,-192.60117,1720.3344,607.00525,-193.25638,1504.5734,687.84094,-957.86224,1790.1002,668.6674,-640.8294,1574.1663,797.5974,-205.20746,1667.5083,785.51935,-113.09226,1306.2617,1231.0333,-1271.0549,2075.1934,1224.3942,-489.92734,1023.3095,1689.7928,-702.44244,2066.0088,1854.749,278.91287,1168.5087,1325.4303,366.60757,1826.6573,2062.1216,1022.9976,1176.2592,1174.9454,406.06564,1797.5656,2139.3914,1084.7748,1320.8566,1121.1847,353.96658,1746.4993,2136.7896,1043.2153,1354.7732,1181.7887,378.87253,1736.4689,2117.184,1025.0333,1579.0142,2370.7024,-236.27164,2049.9421,2365.903,235.0855,1231.4644,2546.5327,1291.6167,1882.068,2657.071,2143.296,1358.7023,3234.5276,2340.1616,1964.4508,3085.9736,3249.1956,1416.7969,3415.6233,2486.3013,2003.2428,3293.0645,3387.889,1131.5234,3195.0637,2827.1628,1818.3407,3179.4644,3769.8672
down
1677740792986.jpg,down,1393.0537,1056.909,145.99242,1391.5466,951.03094,-92.24387,1368.107,956.8051,-92.48487,1348.7501,962.4163,-92.49949,1461.8209,939.9345,-27.956053,1489.1515,938.0578,-28.09393,1514.3134,938.61816,-28.886408,1347.9283,992.46655,-741.61646,1572.6901,984.9708,-468.10846,1360.569,1151.6271,-35.736187,1433.8998,1134.2181,43.3954,1195.6107,1491.0652,-1040.675,1867.0553,1447.7665,-251.59831,800.3895,1851.954,-517.1842,1831.0809,1951.2134,659.0314,917.93945,1545.9408,495.2504,1485.7697,2014.2024,1485.8998,864.8697,1421.6831,503.73822,1438.1162,2054.9827,1556.8792,1004.93286,1395.5125,428.34055,1378.5659,2026.3629,1500.4147,1037.2411,1441.8674,490.5479,1377.106,2018.9109,1480.6403,1608.5403,2634.3198,-275.95224,2033.7897,2581.6072,274.66913,1078.5198,2724.2527,768.3313,1758.9792,2807.8599,1977.0748,1271.1139,3461.2246,1886.4437,1845.117,3287.6943,3316.8738,1383.301,3669.2095,2030.9285,1937.2831,3460.5798,3476.6672,975.21246,3480.0396,2253.929,1734.7786,3305.6733,3782.6895
down
1677740793003.jpg,down,1441.875,1047.9785,296.53784,1458.2039,952.4963,66.6296,1460.305,951.81885,66.67314,1462.482,951.87976,66.633835,1479.2218,948.64307,207.31354,1497.5829,943.60803,207.09393,1516.9103,939.11206,206.43013,1545.1233,971.42255,-565.78503,1633.9214,959.9377,38.136196,1474.5336,1131.94,104.02062,1492.4917,1130.3197,279.6712,1535.0039,1395.5637,-903.4299,1978.7958,1322.9934,453.69345,1087.5536,1790.9596,-480.83234,1727.8751,1681.1803,1102.9653,1219.3636,1465.0669,525.0961,1288.9478,1543.5629,1394.1241,1204.8983,1388.3512,543.0689,1201.718,1480.983,1422.1069,1296.3909,1358.8175,462.16452,1229.1296,1473.5983,1359.4369,1326.532,1391.1941,523.35675,1244.457,1558.131,1369.2385,1989.3064,2482.0098,-488.4343,2347.8274,2388.3376,487.83194,1274.8776,2714.6858,-110.019264,1830.2135,2749.5227,1576.2161,1622.4807,3538.2244,351.92905,2050.6555,3273.2078,2319.8604,1762.7338,3705.6384,424.2876,2177.7402,3367.3308,2408.8354,1251.1471,3607.1248,614.0708,1828.064,3445.7717,2623.2576
down
1677740793019.jpg,down,1145.6627,938.12134,116.64855,1165.0095,829.78345,-118.48927,1165.2644,834.0423,-118.44425,1165.7604,838.97174,-118.452095,1195.7681,812.6233,36.812923,1218.6927,805.43646,36.59035,1240.0087,800.5834,36.11739,1249.0946,859.5846,-731.7496,1344.0334,833.90857,-64.049545,1180.2299,1037.7533,-68.61592,1209.4592,1021.8842,125.293396,1224.7174,1356.2915,-1084.0583,1678.4225,1201.8981,429.0073,769.0083,1728.3292,-609.10376,1395.5569,1611.5239,987.61554,975.4652,1408.6149,563.0681,913.9662,1527.592,1008.667,974.75366,1279.5962,566.256,853.8167,1537.0914,988.89417,1047.4719,1297.8857,481.2559,828.027,1502.017,884.988,1075.3658,1333.6913,559.12396,925.2696,1621.1407,956.70044,1776.1057,2472.029,-540.5439,2085.1433,2336.177,540.3539,1037.6674,2727.1438,-68.858696,1656.4835,2635.553,1766.615,1451.9297,3499.7664,553.3937,1886.9235,3158.0945,2646.439,1612.7719,3680.306,633.06836,2015.3174,3289.8977,2742.951,1080.0538,3606.546,798.56866,1670.5604,3387.3047,2963.9714
down
1677740793035.jpg,down,1119.6517,1270.6592,-495.5095,1145.3362,1191.7479,-633.16846,1155.2938,1188.5948,-633.05255,1165.5485,1185.6565,-633.30994,1143.7113,1189.1299,-475.3735,1152.3466,1184.0957,-475.65924,1161.3622,1178.8824,-475.8714,1277.373,1196.9972,-911.91693,1266.5972,1189.65,-222.93457,1173.2186,1343.4377,-576.48413,1168.3396,1339.3589,-375.86157,1385.3091,1608.6053,-1215.5115,1563.4941,1546.6888,408.83972,902.7053,1935.6862,-823.68384,1287.0457,1797.2051,966.3041,829.57086,1585.6736,377.3498,956.221,1641.4586,1194.4441,743.6686,1500.4315,396.96652,854.8243,1579.6802,1183.9487,863.34973,1470.952,303.77643,944.8571,1574.7372,1161.1067,920.30774,1527.2192,376.2821,983.8572,1606.8237,1178.0176,1923.3956,2533.9426,-519.18677,1980.3291,2417.9368,519.10986,1222.7638,2771.398,-358.7685,1308.7021,2606.727,1264.0851,1577.3982,3410.5962,26.659414,1682.2246,3175.5078,1927.4481,1706.798,3525.6396,82.52816,1776.8306,3278.5898,2002.0521,1275.0703,3568.9202,214.50761,1506.4552,3377.8438,2277.102
down
1677740793053.jpg,down,993.2091,1174.218,-440.63818,1025.705,1090.7152,-601.4325,1035.8112,1088.0529,-601.5554,1046.083,1085.8181,-601.97833,1024.0596,1089.9705,-436.32236,1033.1407,1086.1648,-436.52322,1043.2958,1081.8856,-436.7472,1144.4458,1101.6571,-902.3345,1144.191,1093.2461,-187.0936,1038.2025,1245.1244,-528.73,1035.3639,1243.8148,-320.31183,1266.3049,1559.9496,-1262.9404,1384.0481,1446.5797,405.98788,697.96674,1927.864,-860.02545,1021.76984,1765.9874,888.44025,650.56866,1535.8091,202.89923,812.3547,1581.676,1046.7358,539.654,1420.2816,176.65915,700.349,1498.7351,1019.68744,720.1133,1404.6941,33.725147,794.45215,1461.7128,1015.3494,788.00146,1461.2472,174.9056,836.6512,1505.1823,1036.906,1858.2587,2506.7156,-520.8905,1854.0586,2372.6335,522.2931,1043.557,2711.9941,-705.0924,1096.5741,2485.4048,1353.4526,1482.6715,3359.1223,-560.9375,1519.8961,3055.1045,2005.4111,1625.8411,3464.8765,-523.71265,1642.4369,3158.6323,2077.2495,1169.2079,3544.7612,-428.53903,1341.3345,3268.1824,2335.8582
down
1677740793070.jpg,down,863.98126,1038.1509,-648.2819,925.90247,962.51556,-819.15094,944.12897,962.42346,-819.2669,963.9635,961.8039,-819.9015,895.72266,959.4116,-582.572,893.36194,957.05853,-582.70966,890.74854,953.8807,-582.6849,1091.0177,1010.465,-1168.3778,984.8962,991.33075,-127.7812,923.25226,1137.3068,-761.37256,873.37787,1133.3312,-460.25436,1403.865,1494.6743,-1620.8357,1192.5787,1395.0885,545.10126,874.0526,2017.8807,-1407.7649,927.0247,1825.6833,-10.476939,613.99243,1637.9552,-276.14523,693.3604,1576.7655,-1335.346,492.915,1532.2981,-288.25494,638.5561,1481.9507,-1496.2241,587.5231,1480.0522,-362.46902,664.19354,1449.5297,-1436.1194,645.7791,1520.1046,-263.5436,702.67285,1485.2745,-1362.6759,1834.3763,2424.2415,-613.3052,1542.7637,2289.8984,613.855,1208.8224,2801.1675,-1181.1414,996.5367,2415.5073,830.64484,1588.1029,3411.472,-684.63226,1307.4014,3022.5283,1142.7006,1718.4287,3496.4307,-622.70746,1453.0382,3135.5142,1176.7291,1335.8478,3713.643,-736.6167,1053.4653,3183.283,1274.9056
down
1677740793087.jpg,down,1037.1897,1283.4677,-841.0881,1085.4728,1206.4578,-973.0635,1111.021,1203.6788,-973.0931,1139.9236,1199.6093,-973.74176,1045.8549,1205.2522,-764.2372,1041.5726,1202.9877,-764.4875,1037.1036,1199.927,-764.6481,1278.0894,1232.2994,-1218.268,1164.4146,1221.1143,-294.80536,1106.574,1376.7411,-918.78656,1059.589,1366.6525,-651.873,1579.649,1683.8154,-1553.8137,1256.9319,1603.6924,283.26163,1049.5637,2126.531,-1502.3396,963.21484,1913.8636,-238.96196,782.6532,1688.8445,-635.4108,771.62274,1648.5286,-1487.4849,717.7569,1568.9202,-673.2015,721.8049,1536.7402,-1657.1815,778.32916,1510.4088,-716.17444,737.0939,1517.2626,-1593.9539,808.32697,1546.2098,-620.5607,785.5802,1560.4036,-1511.8638,1859.7563,2565.4824,-520.98303,1569.8145,2435.1416,521.7679,1306.4316,2955.7703,-1291.4801,1025.4453,2588.5566,434.842,1626.8975,3426.1611,-310.34845,1391.0092,3069.4927,1149.3171,1741.2771,3524.96,-198.74983,1550.986,3141.1777,1231.649,1463.8198,3739.607,-267.67218,1221.3743,3261.1855,1340.2095
down
1677740793103.jpg,down,1127.0975,983.0127,-656.6836,1178.6794,874.5834,-809.5843,1201.9058,868.7174,-809.68646,1227.5618,863.69073,-810.2242,1148.9166,875.4899,-623.9158,1148.3905,870.7627,-624.20825,1148.055,865.00037,-624.5381,1367.3793,904.98975,-1078.0824,1264.4775,883.9734,-272.38483,1199.5778,1092.2166,-736.7332,1160.5548,1081.4287,-502.17096,1564.6157,1411.0366,-1439.0671,1468.5463,1270.5797,375.3411,1007.2582,1849.9863,-1177.9677,1076.1323,1698.2742,659.48645,770.84735,1418.377,-178.99825,869.55347,1384.2095,490.405,676.7796,1336.4503,-207.59773,780.8913,1319.5027,418.21066,783.81195,1272.7058,-321.40506,867.64667,1296.4305,435.20926,835.30347,1309.1786,-193.17078,904.1581,1322.0187,475.3372,2048.863,2434.1938,-578.08704,1811.0262,2280.0315,579.6224,1251.3612,2859.0776,-766.6624,1205.9795,2583.1897,1000.7524,1700.6189,3528.6736,-562.755,1605.6768,3179.56,1605.0269,1837.0217,3655.282,-527.4937,1774.357,3237.3386,1670.9482,1376.2733,3761.415,-516.5767,1405.374,3448.812,1881.9073
down
1677740793122.jpg,down,1005.5689,1082.5891,-449.2477,1053.6971,997.47595,-602.03436,1072.6179,993.28516,-602.02954,1093.6227,988.124,-602.45636,1034.1874,995.28894,-415.70587,1037.8395,989.78534,-415.9454,1042.5363,983.0546,-416.116,1234.289,1012.7133,-887.9319,1173.408,1004.536,-79.40419,1078.5305,1176.7504,-540.17865,1045.5079,1167.3743,-304.7471,1475.1445,1455.0974,-1277.918,1349.1783,1381.5248,503.96432,929.5836,1896.7498,-954.23834,1033.4668,1760.5331,698.77686,781.3699,1461.051,169.90341,855.69745,1478.4829,550.60046,707.6768,1375.3302,161.10168,829.9527,1403.2466,488.94547,847.51904,1325.7046,31.259226,862.7859,1363.845,534.7586,895.47516,1361.1093,151.96774,936.68567,1398.4058,549.57605,1994.2797,2473.079,-584.57715,1761.5623,2330.2393,585.9681,1200.9442,2940.9727,-765.36084,1169.3116,2692.9485,872.29565,1628.1566,3622.8792,-541.1033,1582.9697,3305.6584,1351.0054,1778.4966,3744.213,-504.99924,1719.2949,3424.9917,1396.7894,1336.8612,3874.856,-521.8027,1434.1357,3611.0715,1511.2451
down
1677740793141.jpg,down,1440.3872,935.4663,-694.44293,1509.8566,850.978,-552.57526,1545.5128,853.0407,-552.6934,1585.0295,857.2221,-552.923,1376.441,852.2898,-551.613,1331.0936,857.7139,-551.94806,1294.0463,864.5326,-553.08264,1657.0111,929.1967,7.6874337,1240.4263,933.2991,24.80632,1525.5939,1060.3516,-518.4837,1367.1682,1052.6677,-512.9799,1938.0977,1463.9321,130.91496,997.9427,1492.3013,-0.3052165,2215.7468,2094.9485,-623.6623,693.0179,2080.295,-667.2475,1682.3457,1614.8483,-1377.1809,1275.846,1667.8511,-1013.83923,1568.8638,1432.0557,-1447.4358,1385.9075,1441.7617,-1108.6063,1553.2517,1369.4238,-1204.8774,1385.7429,1395.4629,-816.1176,1572.6857,1443.1705,-1283.1792,1381.5377,1492.2516,-899.287,1766.7267,2542.584,16.016212,1216.8081,2552.9277,-15.873894,2008.3511,3009.1619,-1091.1246,859.9496,3017.357,-977.0279,1830.0011,3549.9502,-120.90209,1099.9469,3550.4897,72.84728,1711.9689,3624.4731,-63.83886,1228.762,3627.4443,143.5629,1998.4285,3921.4253,-564.625,889.2965,3893.4836,-286.53027
down
1677740793158.jpg,down,1340.8068,810.05536,-595.9584,1408.7656,721.59576,-478.8676,1447.0894,719.7697,-478.9115,1484.5819,718.4871,-479.13443,1275.2279,738.45087,-475.2106,1234.2279,748.0464,-475.49084,1207.8164,757.16425,-476.5694,1571.8239,781.1217,-8.054275,1169.6418,843.21545,23.417194,1436.0148,923.3006,-445.8553,1280.1356,934.4974,-437.75076,1838.9883,1289.7471,96.989334,971.4988,1384.4932,57.495113,2090.2761,1938.8965,-534.29016,599.7625,1978.1685,-434.75595,1545.6433,1482.6534,-1116.4758,1118.3901,1578.7776,-692.7672,1411.3865,1347.9717,-1136.3135,1230.9047,1401.8903,-739.32715,1400.9019,1283.9114,-904.77515,1245.7518,1339.9,-480.14478,1445.4451,1336.057,-1017.96826,1239.4828,1417.9207,-582.2643,1710.2239,2381.1465,0.6491826,1200.7063,2396.4775,-1.3922807,2000.3225,2867.6519,-932.1397,857.7783,2906.113,-840.5935,1834.0536,3416.8647,5.681309,1101.4393,3439.8076,61.256245,1727.0842,3502.1357,60.159634,1207.2864,3534.5298,112.46582,2026.7472,3804.3071,-381.571,872.7182,3804.0596,-298.68033
down
1677740792365.jpg,up,1466.0419,807.85547,-769.9221,1498.3265,745.62,-698.94104,1524.1696,749.78174,-699.10693,1546.6531,755.09955,-699.10284,1427.7631,742.23065,-697.3216,1397.963,745.63727,-697.48505,1367.9564,750.5727,-697.74603,1587.668,809.6626,-269.66232,1314.9127,804.61633,-267.92422,1503.6678,893.5737,-610.15955,1411.0145,885.2613,-609.76886,1761.3954,1233.1191,-117.38143,1113.966,1238.5027,-58.269375,1828.6221,1728.2737,-537.83167,1038.4606,1706.6002,-375.19424,1611.4454,1419.0616,-1045.3959,1279.8944,1403.2924,-730.5819,1547.365,1303.9781,-1114.6622,1361.4586,1294.7352,-773.2837,1542.4097,1228.6237,-1008.3076,1358.1469,1227.9143,-686.1896,1558.9996,1269.9468,-1006.3145,1345.8234,1265.6443,-699.7607,1640.5515,2229.889,-45.018787,1278.7642,2210.5952,44.962032,1653.4863,2855.995,247.21085,1263.7001,2812.702,432.87094,1677.3695,3298.0447,865.04987,1240.1357,3240.2234,1114.984,1616.1139,3357.1267,897.5828,1284.0074,3301.745,1166.6624,1806.0118,3546.1064,506.79013,1088.8977,3488.6995,853.99274
up
1677740792374.jpg,up,1646.0221,790.7982,-865.8507,1677.1354,733.0186,-778.1142,1700.0566,738.3989,-778.15924,1717.9739,743.54865,-778.0774,1607.835,725.70624,-788.071,1577.6768,727.4439,-788.0964,1544.9746,730.67084,-788.0444,1744.9648,797.858,-272.24188,1478.805,786.18097,-323.38278,1677.236,873.7653,-678.4826,1585.077,867.455,-693.3513,1886.1656,1243.626,-62.92863,1256.0946,1200.1384,-125.1798,1969.7241,1708.8439,-488.69684,1181.8306,1674.3419,-387.9499,1753.6068,1405.8593,-996.61053,1461.7505,1372.7667,-582.21576,1695.8448,1291.287,-1078.9034,1558.2844,1258.2872,-634.9454,1693.7091,1212.6603,-977.19714,1537.2766,1194.7882,-537.00946,1694.0004,1248.2747,-961.04584,1520.2439,1232.2098,-544.9055,1751.1299,2219.7502,11.174807,1385.0985,2197.0134,-10.655171,1749.9321,2863.9155,380.2489,1333.9988,2810.9172,353.1481,1765.7317,3288.3008,1186.7241,1303.3146,3245.146,1196.0781,1710.881,3347.6265,1239.9299,1347.9272,3302.3782,1261.996,1892.6525,3533.0537,785.52594,1160.0148,3491.496,848.2078
up
1677740792399.jpg,up,1604.0789,887.0394,-1186.9176,1621.4243,833.0272,-1081.6365,1635.3342,835.888,-1081.3014,1647.269,839.69006,-1081.0007,1572.1185,823.97,-1188.4443,1546.0796,820.72034,-1188.5017,1517.1089,819.204,-1188.6146,1632.1732,876.4895,-437.8669,1419.8834,857.008,-914.8292,1610.0537,970.1778,-939.27515,1550.6755,959.1702,-1076.7543,1725.4893,1309.7697,48.72867,1175.6283,1270.402,-905.46484,1923.9056,1731.8578,-487.21237,1223.368,1740.0736,-833.08417,1767.5052,1442.1785,-1622.1226,1558.1798,1456.2524,-324.22214,1717.5619,1348.803,-1835.3927,1650.2438,1385.1056,-357.25723,1702.9792,1282.8855,-1717.5573,1630.8573,1315.2128,-355.68594,1696.0995,1323.1534,-1612.3829,1603.9443,1348.4323,-292.62897,1655.418,2260.244,249.28242,1316.3079,2270.715,-249.45946,1647.523,2826.218,976.9942,1270.0708,2903.6401,191.54308,1639.0922,3278.9878,2261.2947,1250.3909,3409.6985,1172.4255,1566.1885,3350.6746,2365.2065,1260.8906,3464.7212,1242.2339,1832.4315,3480.3005,1889.8754,1208.3727,3661.5457,596.7453
up
1677740792412.jpg,up,1662.5284,867.62036,-1175.8516,1680.337,819.684,-1080.9893,1694.8573,824.0983,-1080.708,1708.0852,828.0909,-1080.5009,1625.8197,807.39954,-1176.376,1601.8162,803.8031,-1176.4371,1570.3091,800.65027,-1176.3833,1694.0486,858.77814,-494.9982,1476.7959,835.90063,-931.8187,1668.0005,936.0349,-951.25085,1604.6398,929.60706,-1076.9703,1777.2579,1280.5156,-35.173244,1226.6497,1250.9427,-874.1674,1958.8818,1705.5824,-457.6779,1250.9897,1703.0416,-915.1854,1832.0372,1410.8323,-1387.8394,1573.8323,1437.859,-587.5422,1775.4847,1326.7913,-1568.2056,1670.6708,1359.77,-620.6124,1765.1803,1259.386,-1455.3523,1660.2108,1283.323,-588.11414,1763.8073,1290.6777,-1370.6545,1631.9543,1321.6302,-548.17865,1681.5228,2226.3853,227.7883,1350.2478,2222.097,-227.74287,1675.9171,2797.9856,1046.6771,1293.6112,2856.3142,77.65316,1657.6002,3251.5713,2351.9631,1258.5881,3375.4001,866.3678,1585.5973,3311.9712,2460.41,1267.7253,3424.4077,915.92914,1863.8228,3436.1392,2015.8207,1233.18,3634.9958,265.35217
up
1677740792444.jpg,up,1658.2843,889.304,-878.5674,1636.8862,816.1745,-815.92426,1636.1735,814.9638,-815.8635,1634.6064,813.59985,-815.6848,1617.1921,816.2111,-1021.91724,1602.612,815.552,-1022.0351,1585.7723,814.5528,-1021.953,1550.7421,836.1075,-331.28848,1484.6614,841.54297,-1261.1362,1642.9757,961.6078,-674.9916,1616.2748,961.8051,-943.4194,1527.7413,1249.0898,325.09296,1293.6682,1288.7788,-1466.0769,1752.3585,1620.2601,87.237076,1564.18,1740.1488,-1092.2667,1880.9708,1448.6523,-1138.8756,1815.3811,1464.2894,88.71649,1952.0624,1344.3196,-1335.6719,1906.0852,1363.7604,103.11232,1919.5758,1307.5791,-1300.119,1865.8455,1310.8351,62.517406,1876.353,1352.9283,-1177.3363,1828.1857,1351.613,116.35559,1528.2279,2221.4712,516.8695,1390.2518,2246.0283,-517.01373,1543.2233,2792.4373,1665.2468,1388.5437,2896.1653,189.9048,1440.0729,3240.1414,2772.8018,1334.4667,3473.24,896.55597,1408.8431,3356.7405,2871.372,1278.9957,3558.07,952.3917,1692.0598,3316.357,2618.5857,1547.1298,3703.8276,465.5143
up
1677740792473.jpg,up,1641.0265,956.3411,-599.10876,1608.972,893.0509,-544.35175,1604.0171,890.7453,-544.307,1597.6382,887.36334,-544.3651,1597.344,894.11237,-754.1489,1585.2644,892.71405,-754.3082,1571.79,890.20013,-754.30585,1510.0819,901.8815,-127.24121,1487.0344,908.8845,-1072.4249,1625.4631,1018.1979,-417.39258,1608.5413,1019.3498,-689.8454,1443.7186,1282.6804,526.76715,1375.454,1324.0336,-1367.1924,1675.0753,1746.2198,529.19836,1711.9788,1777.135,-933.66766,1817.7545,1476.6128,-260.09213,1868.2537,1454.1351,420.87964,1886.8339,1394.0773,-358.98666,1924.5773,1363.9802,464.0262,1854.4395,1353.6987,-363.21982,1865.6539,1329.7605,437.58844,1812.5961,1387.7513,-303.19635,1840.5138,1370.457,455.1772,1543.5619,2274.5889,539.07776,1472.7064,2316.3777,-539.72235,1576.3815,2910.4465,1359.9683,1516.7466,2964.7288,170.68013,1530.1711,3413.5833,2109.67,1520.4014,3578.4104,948.84717,1464.3871,3536.914,2172.4612,1458.621,3664.25,1019.70526,1777.4233,3504.33,1992.7264,1792.9465,3728.8953,664.0508
up
1677740792488.jpg,up,1771.2065,952.32056,-645.304,1743.9591,895.4382,-581.76373,1741.0537,893.31006,-581.8596,1737.3069,890.29456,-582.17975,1728.499,896.4192,-782.22,1715.1688,895.30255,-782.3125,1700.5225,893.57855,-782.32605,1644.362,909.2847,-157.99846,1615.5911,910.40564,-1056.6483,1749.9021,1015.82434,-462.19058,1729.9846,1018.79095,-721.3959,1575.2769,1318.8016,515.2377,1508.4082,1337.0096,-1331.1555,1789.2924,1718.2229,919.1277,1861.3641,1765.3616,-976.3874,1937.3735,1481.4548,640.8364,2016.5768,1445.9865,197.95033,2017.771,1389.5417,609.424,2098.7842,1339.1847,210.42242,1983.7618,1365.8427,579.4706,2051.1328,1319.2316,207.2076,1952.4894,1403.1278,602.5183,2000.3981,1368.0435,233.97447,1632.0925,2279.1453,525.21924,1552.0782,2306.5293,-525.46936,1642.531,2895.7107,1148.458,1565.6586,2964.6487,105.218636,1599.9202,3440.84,1867.8431,1567.8862,3510.567,876.98804,1555.7556,3486.9885,1929.7607,1512.3107,3537.0896,949.3121,1864.529,3537.9133,1719.8428,1822.6902,3696.233,597.4545
up
1677740792517.jpg,up,1567.6727,969.3333,440.07687,1530.4772,910.6742,291.26587,1509.3997,910.53546,291.1234,1488.8925,911.7349,290.9443,1587.0901,911.96515,253.5411,1604.5795,912.21246,253.2713,1623.1016,912.5684,252.81244,1464.4089,944.75946,-171.86244,1648.2384,939.6745,-339.85535,1544.834,1025.3931,313.01843,1601.1165,1022.27936,265.62457,1329.1755,1327.732,-91.73767,1794.094,1323.9397,-577.39215,1377.2151,1775.5492,455.36423,2053.6238,1723.2092,7.995076,1526.8573,1889.0774,1163.0587,1938.1383,1505.7483,1124.1394,1541.2803,1924.5166,1270.134,1924.8142,1478.9375,1222.8556,1564.427,1891.1152,1213.6202,1878.4243,1421.9958,1206.003,1576.2849,1879.2367,1158.3765,1874.5521,1432.1459,1140.3933,1474.8773,2190.35,216.75711,1745.2532,2212.1453,-217.97673,1498.285,2764.8948,1001.0821,1771.0408,2848.2576,363.35318,1508.956,3296.2236,1696.2867,1724.559,3431.6584,975.9402,1503.727,3428.2788,1765.1405,1677.5941,3491.0513,1035.0516,1580.4452,3287.0884,1737.7639,1809.4624,3456.84,880.9014
up
1677740792529.jpg,up,1559.7203,840.64044,430.6334,1538.6088,784.92523,229.89195,1519.799,785.9058,229.60158,1500.6658,786.35254,229.31079,1587.0197,784.51215,254.52878,1603.1641,785.56226,254.64076,1620.5831,785.8138,254.11095,1473.0546,836.13464,-417.1676,1669.8375,835.1133,-306.24744,1535.3282,907.32086,238.38654,1584.7399,906.8942,271.49896,1260.5363,1232.0977,-553.86615,1909.8757,1306.3805,-466.72375,1233.9104,1743.7885,-78.76727,1935.6544,1707.2751,187.16849,1399.3682,1838.8882,820.06805,1748.6926,1741.5955,1254.2683,1420.771,1883.3552,891.2518,1703.7721,1761.6904,1395.8411,1446.4272,1846.2057,888.67834,1662.6395,1713.9384,1337.7065,1453.6257,1828.8132,838.47266,1657.3573,1704.4987,1254.047,1381.4601,2156.4702,34.783276,1715.7118,2195.191,-36.084984,1310.6621,2769.622,946.12506,1691.4568,2818.3672,910.46027,1260.5616,3345.4773,1651.2832,1731.5327,3419.4917,1733.3878,1228.029,3450.2595,1730.006,1692.0514,3547.6018,1821.8077,1251.1622,3319.16,1735.8083,1889.6656,3354.084,1772.7137
up
1677740792541.jpg,up,1412.4827,964.4045,156.33722,1382.8099,910.5571,-34.856873,1359.7402,912.67145,-35.294262,1337.7177,915.0803,-35.53465,1446.4492,907.7537,-27.720219,1467.265,908.23376,-27.618177,1487.9645,909.3413,-28.098171,1307.2231,958.1249,-618.64575,1539.694,962.5992,-605.7428,1378.9266,1023.0018,-9.453806,1443.2296,1021.4636,-4.076272,1087.0995,1414.4167,-897.86285,1738.7887,1392.6094,-515.4068,1100.7384,1891.8038,-714.80054,1731.8511,1792.3541,23.888668,1136.3865,2220.1555,-296.1903,1583.0378,1654.149,1075.9133,1134.1853,2295.7793,-318.8595,1559.5876,1624.6981,1227.3937,1154.6373,2257.8171,-312.83047,1477.5233,1574.5101,1187.9623,1158.8749,2230.2346,-290.72525,1468.165,1593.0519,1079.9601,1244.952,2358.5144,-101.041504,1574.4417,2382.6123,100.54012,1200.949,2937.4194,1007.83563,1574.1255,2926.2993,1141.9005,1142.6997,3523.0225,1953.9608,1620.0549,3488.182,2081.1636,1128.6178,3666.1992,2051.1597,1617.6049,3605.6416,2181.3513,1021.4585,3418.5466,2064.161,1690.8617,3409.245,2173.1306
up
1677740792550.jpg,up,1448.8374,807.7308,278.2526,1418.0641,751.11816,93.80683,1396.019,754.4906,93.52954,1374.9598,757.8428,93.06627,1476.7942,747.05505,112.248924,1495.3754,748.3548,112.34446,1513.8872,749.9456,111.74747,1347.3639,807.73663,-525.9238,1565.3613,807.947,-450.68692,1418.0632,879.6935,95.47087,1477.6842,875.5915,118.56504,1145.631,1269.5848,-785.2836,1792.8114,1255.558,-509.77676,1148.7888,1774.9459,-680.5412,1745.5544,1707.1953,-141.59718,1216.4276,2108.3867,-202.4892,1642.8422,1958.3796,567.2507,1223.6023,2191.572,-220.85028,1594.7041,2000.2574,672.068,1271.5116,2237.3892,-196.13077,1542.3259,1955.0317,619.69025,1276.3645,2205.1448,-189.92494,1530.2513,1936.0254,557.9938,1301.7987,2195.9941,-71.93836,1640.5818,2213.797,70.8185,1274.4216,2783.8665,858.79486,1642.7045,2754.279,1120.0251,1246.8558,3340.2695,1742.6309,1698.6859,3298.069,2019.3486,1256.8508,3463.876,1834.0391,1689.794,3417.3765,2118.7522,1112.4138,3255.6982,1830.8453,1777.0394,3238.0256,2122.7307
up
1677740792559.jpg,up,1582.9348,1001.0022,451.84555,1569.5258,925.1107,228.9118,1555.5366,926.5448,228.59482,1540.6957,929.92804,228.43042,1610.0375,920.11487,305.99805,1625.2218,919.1195,306.03098,1641.0024,920.0907,305.35428,1538.3701,965.8004,-456.27313,1688.8601,956.0579,-118.42868,1570.9061,1065.9036,250.31331,1607.2283,1063.281,348.05377,1394.3254,1379.3542,-780.6766,1910.9316,1361.5062,-112.85105,1216.2322,1699.3506,-637.19824,1913.9877,1785.894,292.79892,1372.3978,1496.3503,-127.94269,1664.238,1954.854,717.4392,1386.0244,1457.2655,-168.41,1617.5715,2019.5446,769.89325,1418.0223,1388.9587,-178.92703,1579.6229,1997.2324,672.4884,1480.9646,1428.0262,-123.552,1579.5748,1975.0381,685.77576,1501.5111,2331.648,-239.32991,1797.0809,2324.6006,238.8179,1466.128,2939.0325,652.1579,1804.2299,2905.0444,1171.8507,1452.199,3492.6326,1333.0349,1842.2903,3441.1392,1869.4169,1490.2244,3619.0898,1401.9872,1871.586,3555.9722,1947.2021,1273.5138,3453.9958,1365.4482,1769.4446,3434.82,1944.2504
up
1677740792572.jpg,up,1582.3402,993.3425,261.41644,1573.2626,924.60284,51.58749,1562.8708,924.74506,51.166645,1550.9646,926.06116,50.895214,1603.368,920.9591,125.19938,1615.0956,919.4446,125.27843,1628.3201,919.1768,124.85674,1541.3322,951.77374,-538.682,1664.6383,948.09784,-217.68115,1574.7528,1044.0027,95.75836,1599.6884,1046.2484,189.1665,1371.0122,1337.6119,-807.4017,1888.5336,1309.6812,-102.47461,1136.1504,1740.2426,-515.0542,1800.0082,1693.0955,398.95328,1253.4426,1574.7833,161.07138,1496.877,1722.4446,938.13586,1252.8225,1545.2445,138.2532,1440.662,1753.4469,1004.5362,1337.8616,1488.0388,129.69687,1399.1868,1711.1646,921.21356,1352.5442,1501.3595,172.06938,1400.4875,1701.5276,912.19543,1440.8105,2264.771,-204.73143,1739.4286,2270.5002,204.69269,1434.9713,2874.24,651.88025,1749.5524,2874.8167,1143.9723,1395.4586,3427.24,1324.4995,1784.0338,3396.562,1804.0164,1411.7206,3545.2798,1395.9989,1766.9728,3501.7317,1883.0074,1256.0546,3406.6548,1398.4695,1726.7008,3402.4893,1919.3954
up
1677740792581.jpg,up,1637.6644,1024.521,180.92912,1630.8566,962.50806,-16.858028,1619.4434,962.688,-17.08149,1606.6831,963.7136,-17.242647,1662.8981,959.32446,71.27187,1675.8556,958.36475,71.32669,1689.8865,959.1242,71.082565,1602.0658,984.64026,-570.6928,1740.3021,994.29987,-188.03183,1627.5792,1081.7583,20.499744,1653.9882,1084.456,132.33781,1464.057,1390.0342,-826.22327,1912.6052,1360.2476,-55.99076,1210.7292,1733.7067,-475.25967,1828.4509,1745.0339,471.7492,1307.6311,1626.6587,278.61142,1572.746,1792.4069,1053.097,1326.7642,1604.6481,283.2404,1529.2042,1824.7809,1135.7032,1396.187,1477.268,240.26067,1500.8679,1788.1428,1065.0419,1403.4703,1490.0565,280.53067,1500.6431,1778.0598,1035.6604,1509.373,2329.939,-209.85455,1789.3655,2331.427,209.41562,1494.0836,2935.1226,521.8894,1803.5854,2887.7725,1075.56,1449.3097,3462.551,1050.4418,1811.9948,3416.9272,1564.9595,1471.8445,3584.862,1105.0504,1812.8829,3515.6067,1627.5234,1290.9679,3431.667,1126.7786,1736.8596,3399.6794,1734.8358
up
1677740792594.jpg,up,1444.1173,789.1996,-222.57394,1462.9434,706.45844,-408.30142,1462.6337,706.84686,-408.42398,1459.8636,708.074,-408.55722,1472.4894,699.96466,-251.84845,1481.4225,696.5138,-252.13763,1489.1006,694.4387,-252.67796,1490.1106,732.8396,-930.44586,1556.9078,723.8693,-252.47783,1458.2728,847.67224,-380.8612,1464.5104,852.5257,-184.68092,1453.6664,1180.7416,-1207.8102,1757.8864,1123.9934,123.46819,1115.0947,1624.5317,-728.61285,1616.8956,1556.7045,880.5298,1155.1073,1349.4951,247.6013,1312.569,1609.386,1484.8883,1090.5863,1270.0793,235.339,1255.3654,1621.5876,1548.9999,1186.8812,1226.6161,182.83797,1240.4785,1598.5887,1456.7047,1209.2446,1261.4679,252.32718,1247.3665,1603.3971,1458.7084,1495.4246,2224.4983,-409.85052,1682.6469,2178.6655,409.57742,1420.121,2839.6216,529.7359,1651.3016,2697.2021,1370.8423,1464.2766,3390.1885,1169.7701,1663.3378,3181.773,2207.2292,1531.8884,3502.3655,1233.1383,1694.3534,3274.4312,2302.329,1231.2554,3421.1506,1166.3986,1466.7094,3213.454,2436.1086
up
1677740792639.jpg,up,1361.2767,966.4473,-811.1792,1407.2224,908.05865,-958.1665,1418.4811,907.91907,-958.4852,1429.7743,907.72797,-958.86926,1397.4166,904.17316,-750.72534,1402.4587,901.1868,-750.994,1408.2534,897.563,-751.1938,1516.024,935.8982,-1289.9816,1492.1592,918.9811,-372.79953,1395.4363,1037.7994,-901.69806,1382.3579,1031.8796,-637.2425,1633.0197,1366.8063,-1615.9146,1583.3722,1287.4448,353.0746,1182.8535,1728.8372,-1330.9908,1351.9236,1627.5591,1300.4451,1015.82965,1378.4857,-295.14133,1130.8335,1435.4408,1943.8441,968.816,1327.5829,-339.9746,1052.4904,1364.2454,2027.7947,1024.8145,1280.519,-374.32516,1094.3325,1332.6194,1972.3615,1051.3035,1304.072,-276.50827,1129.7522,1351.1667,1924.5122,1526.2188,2336.0305,-589.8,1483.7853,2286.8743,589.71454,1471.9086,2949.383,449.671,1483.0419,2833.9229,1575.1957,1560.4155,3487.0432,1483.3008,1535.8043,3314.052,2712.5974,1621.6179,3577.0913,1581.9479,1589.2239,3441.7869,2831.5134,1275.0262,3629.734,1302.0791,1342.5056,3437.5496,2779.953
up
1677740792647.jpg,up,1196.5734,787.90155,-790.2442,1240.5093,709.58545,-929.6115,1256.38,708.1268,-929.92676,1273.1539,706.2353,-930.5237,1216.5061,710.34906,-750.49713,1216.7734,709.12744,-750.466,1217.7728,706.61664,-750.5945,1398.7722,734.3985,-1198.22,1316.1101,720.9585,-404.9568,1246.2206,861.18805,-858.2054,1220.9562,859.6509,-627.82446,1607.9966,1194.3357,-1424.4508,1429.5934,1139.2125,251.01155,1134.3219,1657.8579,-1077.4985,1194.3448,1636.6616,741.01697,830.5322,1328.5608,-271.92896,931.9505,1480.5961,787.3775,762.4694,1262.6791,-303.58875,818.5345,1379.3745,767.4397,802.79456,1193.6635,-347.70847,850.75806,1313.7703,729.02905,837.307,1216.5653,-258.87308,902.2665,1398.121,755.90186,1526.7223,2285.2632,-451.48944,1406.9353,2232.7634,451.2958,1463.6654,3013.762,281.8229,1407.4393,2851.6016,1269.3434,1552.9945,3570.9094,929.2757,1508.4404,3341.083,2151.9785,1634.3665,3681.3506,979.9776,1580.4146,3436.2598,2241.3035,1299.7673,3800.046,679.9092,1283.4532,3381.6711,2222.157
up
1677740792656.jpg,up,1353.6869,955.8153,-611.3859,1390.1877,884.8902,-737.2642,1406.7992,883.6539,-737.5286,1426.1626,881.42596,-737.8992,1367.7777,884.64166,-562.275,1367.1578,883.839,-562.452,1367.4227,882.42816,-562.68054,1549.7792,903.83124,-1005.57104,1458.0844,899.9796,-221.63791,1406.1935,1028.9731,-682.3807,1377.9941,1029.8911,-455.40976,1752.8733,1328.4297,-1255.0833,1569.5112,1308.2092,320.89438,1261.709,1771.8279,-998.2045,1356.752,1783.3207,885.815,970.1899,1473.9537,-202.9447,1179.265,1813.6323,1051.8252,899.9717,1402.622,-235.8964,1144.0498,1803.3088,1032.1665,936.0417,1337.4089,-255.74515,1150.3583,1773.5488,971.0739,966.06775,1362.844,-183.17448,1178.2124,1782.4908,1014.14294,1630.0729,2448.5916,-448.8401,1547.0377,2402.4048,448.583,1580.796,3116.4426,149.13997,1521.2454,3007.998,1042.0764,1648.4889,3751.3674,709.97864,1612.91,3542.8926,1709.0992,1711.2134,3839.8826,753.8858,1677.4346,3644.5132,1776.7115,1328.846,3922.75,431.8771,1362.7943,3595.7732,1721.1215
up
1677740792664.jpg,up,1444.0366,902.0282,-651.49884,1487.5714,832.5665,-776.54626,1507.9265,832.475,-776.7861,1530.6029,832.4052,-777.211,1455.9038,831.5007,-596.46185,1452.3129,830.4373,-596.5537,1449.5468,829.3078,-596.6796,1661.9814,865.88873,-987.111,1533.7367,848.3819,-173.19968,1499.8278,980.8995,-700.8654,1460.9916,983.2776,-465.88013,1852.3489,1261.6913,-1217.6324,1539.477,1247.6289,404.08417,1424.0348,1736.0952,-950.8821,1298.4628,1575.2992,123.78689,1107.5347,1432.1234,-125.598335,1095.0502,1403.2313,-869.42096,1031.4907,1388.1887,-118.48701,1017.599,1322.0837,-1029.9882,1055.3927,1294.4219,-143.98161,1043.2562,1249.0623,-1005.71234,1093.7068,1320.1523,-99.05209,1087.8694,1283.1389,-907.54663,1705.482,2341.7834,-425.22275,1530.0355,2264.702,424.3421,1659.5594,3037.0352,66.95587,1501.18,2866.4785,1092.1343,1715.1647,3571.4377,830.43713,1612.2896,3304.5393,2020.463,1788.3264,3684.7136,886.39795,1684.2594,3395.038,2105.1497,1465.4056,3840.6243,479.47983,1333.1066,3356.3945,2006.0815
up
1677740792675.jpg,up,1499.2256,888.2554,-998.2218,1546.9619,811.12134,-1143.9987,1566.5472,810.52325,-1144.1858,1588.3358,809.44635,-1144.6394,1512.628,809.1985,-950.9913,1508.5424,807.7016,-951.18774,1505.3678,805.66296,-951.3749,1707.5088,843.5303,-1376.5034,1585.3938,826.5167,-513.7636,1553.342,962.45374,-1049.0709,1511.5488,960.7943,-800.4019,1889.3584,1293.5554,-1540.4886,1601.03,1241.9481,160.66374,1452.8094,1768.4707,-1200.9985,1342.2491,1634.9944,212.27284,1152.2025,1436.0499,-248.92313,1139.2206,1394.2006,-358.43845,1068.3134,1389.3467,-243.54683,1055.2444,1333.9684,-459.91006,1098.9803,1319.7362,-283.10092,1091.6836,1268.6298,-449.12003,1135.1705,1341.4044,-224.79936,1139.3246,1306.221,-390.3292,1742.0476,2367.118,-440.90692,1554.7632,2275.5095,440.13388,1713.6926,3058.6326,203.74292,1516.093,2875.3518,1333.878,1726.2751,3610.1494,1157.756,1615.1167,3279.134,2527.4353,1796.9902,3708.206,1231.6093,1701.4453,3425.8455,2638.8508,1499.8912,3839.1367,800.8164,1336.8878,3363.2922,2539.6597
up
1677740792687.jpg,up,1522.9432,1085.05,-1387.3231,1536.7203,1009.3361,-1295.3574,1554.1978,1008.495,-1295.1743,1571.0441,1008.1278,-1294.9752,1474.8129,1011.9947,-1346.0344,1441.4009,1013.8826,-1346.1948,1410.0479,1017.2534,-1346.13,1574.5289,1037.5513,-673.19385,1333.4994,1055.3508,-909.38135,1544.8988,1153.6624,-1146.4398,1474.8462,1161.5192,-1214.6349,1716.3098,1440.8538,-231.45282,1127.7378,1451.2228,-707.9112,1891.9287,1904.8555,-643.3909,1103.647,1927.8489,-1183.7201,1727.8679,1629.9752,-1566.2007,1421.8591,1659.301,-1717.866,1658.217,1543.9337,-1739.685,1516.6567,1577.1036,-1858.54,1658.6888,1482.1228,-1660.197,1515.3185,1512.3248,-1789.3231,1663.1738,1509.6735,-1551.3065,1488.4558,1543.6885,-1688.5067,1634.4202,2400.9753,125.257645,1284.8107,2391.3667,-125.19351,1659.5773,2977.0532,758.14044,1239.3998,3018.4666,135.11171,1679.1428,3414.1345,2087.9534,1182.3438,3508.2007,1001.9985,1623.3447,3481.6821,2193.8325,1191.5685,3560.3376,1059.4412,1865.3743,3622.9517,1697.9404,1142.2886,3795.1099,401.21103
up
1677740792697.jpg,up,1515.6748,1042.0577,-1296.0714,1533.2158,970.1622,-1207.6444,1550.145,971.07056,-1207.4507,1565.2194,972.05164,-1207.1827,1471.4347,968.547,-1262.7306,1439.6782,969.9404,-1262.8373,1405.4386,973.8388,-1262.6696,1566.3192,1002.6461,-623.3359,1325.1516,1023.33704,-887.8373,1537.5254,1117.788,-1072.4763,1459.9493,1121.8773,-1148.3853,1705.6167,1426.7802,-243.15503,1122.7521,1439.7378,-703.4441,1901.0953,1880.6302,-685.7957,1103.016,1912.6644,-1215.7823,1740.7932,1629.3213,-1608.7113,1396.1736,1657.7462,-1793.6865,1672.7727,1542.2678,-1781.0627,1494.5878,1574.6512,-1937.4686,1665.0239,1474.5917,-1696.8718,1491.8932,1498.0166,-1864.33,1670.448,1500.3153,-1590.6768,1466.3202,1533.9768,-1764.9221,1644.2618,2383.3257,117.365,1292.6259,2377.8877,-117.32403,1674.928,2941.5178,818.7303,1244.0671,3005.0579,182.39421,1701.8568,3378.8772,2057.598,1206.5148,3477.7476,1011.9082,1647.3545,3447.5442,2155.8293,1217.8269,3528.08,1066.5244,1884.967,3578.7668,1688.1278,1154.3245,3763.5193,452.6599
up
1677740792706.jpg,up,1407.6792,1129.6962,-602.0433,1454.3302,1071.0425,-573.8655,1480.8722,1071.6571,-574.08167,1506.0432,1072.4807,-574.09686,1378.0941,1074.7026,-534.9931,1357.1077,1076.4962,-535.1049,1342.819,1077.9307,-535.3257,1546.978,1097.5386,-271.66486,1335.658,1101.8617,-89.79437,1469.2944,1203.0448,-479.28308,1375.8636,1202.4812,-427.59357,1732.7576,1467.0533,-172.27234,1179.5963,1449.677,176.83604,1765.2402,1901.375,-532.3735,1042.556,1876.4218,-217.55518,1528.3729,1693.5754,-932.6035,1217.7842,1664.9495,-947.2491,1442.9387,1629.008,-1004.12445,1289.5177,1616.1709,-1027.2452,1445.5376,1564.7042,-905.6645,1284.2986,1544.8428,-964.9135,1470.5803,1589.2534,-887.9965,1276.1978,1556.7897,-933.2168,1590.0391,2353.0933,-131.01471,1247.3116,2331.3403,131.0553,1649.4272,2942.8,-63.75828,1203.9607,2895.4968,517.8991,1662.279,3394.0532,386.10355,1186.9078,3323.9875,1200.8795,1617.6918,3450.1318,399.48932,1231.4746,3384.0408,1250.4501,1742.7217,3635.5718,-27.900766,1034.2605,3516.3574,953.0995
up
1677740792715.jpg,up,1396.5571,1089.2645,-641.02295,1446.0083,1030.4901,-609.89996,1472.3259,1030.8,-610.11285,1498.5227,1033.0466,-610.0697,1369.2521,1034.487,-573.66,1348.321,1036.9277,-573.8731,1334.5306,1039.5905,-574.27185,1540.9436,1066.5187,-315.8461,1330.5074,1071.4434,-145.59552,1460.1028,1166.7307,-524.02704,1364.5969,1164.2897,-475.65768,1733.1514,1426.9912,-245.26294,1184.5944,1439.5027,79.905815,1775.0964,1868.516,-649.52216,1060.8972,1860.8514,-361.26105,1507.4796,1649.6404,-1089.3695,1237.753,1640.8276,-1137.8785,1417.2666,1583.7123,-1158.6058,1302.4467,1578.2793,-1225.4688,1427.8257,1524.0383,-1058.3094,1294.7559,1511.7673,-1166.6396,1449.8746,1544.5271,-1043.1984,1290.5125,1528.9774,-1126.7771,1616.1626,2353.48,-133.2911,1260.722,2337.2483,132.96591,1666.2606,2940.0923,-49.81215,1199.0253,2861.2886,594.1708,1679.6465,3376.8472,329.73404,1192.0793,3281.3005,1252.9497,1641.918,3438.3108,335.1106,1239.8738,3341.0022,1301.7052,1761.6776,3614.8745,-78.49212,1040.5094,3501.4207,1060.4105
up
1677740792725.jpg,up,1499.3389,1093.9768,-756.1689,1532.1245,1041.24,-695.7588,1549.3334,1044.6757,-695.8255,1570.7048,1048.7811,-695.7386,1460.6643,1035.1737,-701.9243,1433.9075,1035.9451,-701.9302,1408.925,1038.4357,-702.00055,1597.443,1083.1733,-284.25485,1360.6932,1077.8612,-318.001,1537.3136,1169.2963,-596.3252,1444.9875,1167.6064,-605.76416,1738.7288,1433.5676,-74.78574,1176.899,1434.7017,-93.46213,1870.4266,1865.2955,-383.33945,1059.4791,1864.4735,-398.14062,1630.6888,1660.7146,-925.9885,1290.6432,1684.4849,-905.71106,1543.2228,1607.2548,-1007.81635,1369.8804,1645.0693,-972.77454,1536.1357,1530.7227,-921.39685,1374.3746,1552.1545,-916.129,1552.9271,1551.2665,-890.0841,1361.2684,1571.63,-883.4497,1635.9415,2324.5825,-7.1718154,1286.2107,2304.6643,7.0383677,1675.23,2933.1804,212.60704,1229.811,2892.34,283.5228,1682.1631,3338.478,776.25525,1202.3798,3305.6455,891.3096,1623.8401,3393.002,802.5028,1246.6876,3366.9253,931.4871,1805.3069,3564.9583,412.7232,1068.8506,3526.8164,580.1201
up
1677740792731.jpg,up,1449.231,1153.58,-725.7732,1485.699,1102.2007,-671.80365,1502.4362,1104.7301,-671.7874,1522.845,1108.3953,-671.6941,1416.6992,1093.5973,-675.49365,1391.6215,1092.4471,-675.5493,1369.6276,1091.8895,-675.60944,1551.8877,1141.0988,-272.78708,1323.4303,1126.0684,-300.99094,1487.6774,1226.2554,-569.25323,1398.0344,1220.2432,-576.94196,1695.4482,1474.6274,-46.088337,1135.1954,1485.3508,-84.946754,1818.452,1922.6882,-277.01102,1010.6584,1914.2711,-342.86304,1557.4154,1700.8898,-734.7181,1246.897,1719.7139,-778.1757,1475.9329,1635.8655,-807.5145,1325.9716,1664.828,-843.5326,1478.1229,1572.6602,-737.2022,1327.5958,1586.1161,-784.68384,1493.1512,1594.3406,-703.7247,1312.843,1605.179,-754.2062,1590.3232,2384.1223,12.326038,1245.4268,2359.4663,-12.427602,1625.7661,2988.8943,280.5061,1176.109,2947.946,202.05916,1645.9108,3404.5393,873.787,1145.7361,3386.1675,744.21564,1585.6692,3464.6096,904.791,1182.169,3448.8855,777.8872,1775.1902,3623.7878,530.5544,1005.9872,3605.6838,405.72095
up
